method,edit,tier,total_rows,supported_rows,application_coverage,legacy_factor_availability_not_application_coverage,legacy_score_ratio_component,edited_detection_given_edited_pass,legacy_unpaired_pass_ratio_component,legacy_pooled_composite,arithmetic_check_from_rounded_components,recomposition_absolute_rounding_error,changed_rows,originally_and_edited_pass_rows,source
KGW,whitespace_normalize,core,7715,7715,1.0,1.0,0.7966,0.0,0.9913,0.596,0.5959666666666666,3.333333333332966e-05,,,"master.score_coverage.attack_breakdown (pooled, NOT source-balanced headline)"
KGW,comment_strip,core,7715,6845,0.8872326636422554,1.0,0.6146,0.0,1.0,0.5382,0.5382,0.0,,,"master.score_coverage.attack_breakdown (pooled, NOT source-balanced headline)"
KGW,identifier_rename,core,7715,778,0.10084251458198315,1.0,0.5112,0.0,1.0,0.5037,0.5037333333333334,3.333333333332966e-05,,,"master.score_coverage.attack_breakdown (pooled, NOT source-balanced headline)"
KGW,noise_insert,core,7715,7715,1.0,1.0,0.7328,0.0,1.0,0.5776,0.5776,0.0,,,"master.score_coverage.attack_breakdown (pooled, NOT source-balanced headline)"
KGW,block_shuffle,stress,7715,7715,1.0,1.0,0.7995,0.0,0.9826,0.594,0.5940333333333333,3.333333333332966e-05,,,"master.score_coverage.attack_breakdown (pooled, NOT source-balanced headline)"
KGW,control_flow_flatten,stress,7715,442,0.05729099157485418,1.0,0.5709,0.0,1.0,0.5236,0.5236333333333333,3.333333333332966e-05,,,"master.score_coverage.attack_breakdown (pooled, NOT source-balanced headline)"
KGW,budgeted_adaptive,stress,7715,7715,1.0,1.0,0.832,0.0,1.0,0.6107,0.6106666666666666,3.3333333333440684e-05,,,"master.score_coverage.attack_breakdown (pooled, NOT source-balanced headline)"
SWEET,whitespace_normalize,core,7715,7715,1.0,1.0,0.5756,0.0,0.8889,0.4882,0.4881666666666667,3.333333333332966e-05,,,"master.score_coverage.attack_breakdown (pooled, NOT source-balanced headline)"
SWEET,comment_strip,core,7715,6897,0.8939727802981206,1.0,0.4137,0.0,1.0,0.4712,0.47123333333333334,3.333333333332966e-05,,,"master.score_coverage.attack_breakdown (pooled, NOT source-balanced headline)"
SWEET,identifier_rename,core,7715,811,0.1051198963058976,1.0,0.4437,0.0,1.0,0.4812,0.48123333333333335,3.333333333332966e-05,,,"master.score_coverage.attack_breakdown (pooled, NOT source-balanced headline)"
SWEET,noise_insert,core,7715,7715,1.0,1.0,0.2693,0.0,0.8974,0.3889,0.3889,0.0,,,"master.score_coverage.attack_breakdown (pooled, NOT source-balanced headline)"
SWEET,block_shuffle,stress,7715,7715,1.0,1.0,0.6957,0.0,0.8462,0.514,0.5139666666666667,3.333333333332966e-05,,,"master.score_coverage.attack_breakdown (pooled, NOT source-balanced headline)"
SWEET,control_flow_flatten,stress,7715,466,0.060401814646791965,1.0,0.1446,0.0,1.0,0.3815,0.38153333333333334,3.333333333332966e-05,,,"master.score_coverage.attack_breakdown (pooled, NOT source-balanced headline)"
SWEET,budgeted_adaptive,stress,7715,7715,1.0,1.0,0.7883,0.0,0.9658,0.5847,0.5847,0.0,,,"master.score_coverage.attack_breakdown (pooled, NOT source-balanced headline)"
STONE,whitespace_normalize,core,7715,7715,1.0,1.0,0.6117,0.0887,0.8484,0.5163,0.5162666666666667,3.333333333332966e-05,,,"master.score_coverage.attack_breakdown (pooled, NOT source-balanced headline)"
STONE,comment_strip,core,7715,6888,0.8928062216461439,1.0,0.4041,0.0263,0.9881,0.4728,0.4728333333333334,3.333333333338517e-05,,,"master.score_coverage.attack_breakdown (pooled, NOT source-balanced headline)"
STONE,identifier_rename,core,7715,1021,0.1323395981853532,1.0,0.4974,0.2174,0.9825,0.5658,0.5657666666666666,3.333333333332966e-05,,,"master.score_coverage.attack_breakdown (pooled, NOT source-balanced headline)"
STONE,noise_insert,core,7715,7715,1.0,1.0,0.6825,0.0872,0.9129,0.5609,0.5608666666666667,3.333333333321864e-05,,,"master.score_coverage.attack_breakdown (pooled, NOT source-balanced headline)"
STONE,block_shuffle,stress,7715,7715,1.0,1.0,0.6803,0.0751,0.8903,0.5486,0.5485666666666666,3.333333333332966e-05,,,"master.score_coverage.attack_breakdown (pooled, NOT source-balanced headline)"
STONE,control_flow_flatten,stress,7715,951,0.12326636422553468,1.0,0.3322,0.0787,1.0,0.4703,0.4703,0.0,,,"master.score_coverage.attack_breakdown (pooled, NOT source-balanced headline)"
STONE,budgeted_adaptive,stress,7715,7715,1.0,1.0,0.673,0.0273,0.9194,0.5399,0.5399,0.0,,,"master.score_coverage.attack_breakdown (pooled, NOT source-balanced headline)"
EWD,whitespace_normalize,core,7715,7715,1.0,1.0,0.3858,0.0,0.8205,0.4021,0.40209999999999996,5.551115123125783e-17,,,"master.score_coverage.attack_breakdown (pooled, NOT source-balanced headline)"
EWD,comment_strip,core,7715,6875,0.8911211924821776,1.0,0.2317,0.0,1.0,0.4106,0.4105666666666667,3.333333333332966e-05,,,"master.score_coverage.attack_breakdown (pooled, NOT source-balanced headline)"
EWD,identifier_rename,core,7715,858,0.11121192482177576,1.0,0.0,0.0,0.8535,0.2845,0.28450000000000003,5.551115123125783e-17,,,"master.score_coverage.attack_breakdown (pooled, NOT source-balanced headline)"
EWD,noise_insert,core,7715,7715,1.0,1.0,0.0,0.0,0.8547,0.2849,0.2849,0.0,,,"master.score_coverage.attack_breakdown (pooled, NOT source-balanced headline)"
EWD,block_shuffle,stress,7715,7715,1.0,1.0,0.7378,0.0,0.8547,0.5308,0.5308333333333334,3.333333333332966e-05,,,"master.score_coverage.attack_breakdown (pooled, NOT source-balanced headline)"
EWD,control_flow_flatten,stress,7715,486,0.06299416720674011,1.0,0.3909,0.0,1.0,0.4636,0.46363333333333334,3.333333333332966e-05,,,"master.score_coverage.attack_breakdown (pooled, NOT source-balanced headline)"
EWD,budgeted_adaptive,stress,7715,7715,1.0,1.0,0.8762,0.0,0.9231,0.5998,0.5997666666666667,3.333333333332966e-05,,,"master.score_coverage.attack_breakdown (pooled, NOT source-balanced headline)"
