source_group,task_id,language,reference_kind,canonical_available,source_file
public_mbxp_5lang,MBCPP/1,cpp,smoke_overlay,False,data/release/sources/suite_mbxp_release.normalized.jsonl
public_mbxp_5lang,MBGP/1,go,smoke_overlay,False,data/release/sources/suite_mbxp_release.normalized.jsonl
public_mbxp_5lang,MBGP/100,go,smoke_overlay,False,data/release/sources/suite_mbxp_release.normalized.jsonl
public_mbxp_5lang,MBGP/101,go,smoke_overlay,False,data/release/sources/suite_mbxp_release.normalized.jsonl
public_mbxp_5lang,MBGP/102,go,smoke_overlay,False,data/release/sources/suite_mbxp_release.normalized.jsonl
public_mbxp_5lang,MBGP/103,go,smoke_overlay,False,data/release/sources/suite_mbxp_release.normalized.jsonl
public_mbxp_5lang,MBGP/104,go,smoke_overlay,False,data/release/sources/suite_mbxp_release.normalized.jsonl
public_mbxp_5lang,MBGP/105,go,smoke_overlay,False,data/release/sources/suite_mbxp_release.normalized.jsonl
public_mbxp_5lang,MBGP/106,go,smoke_overlay,False,data/release/sources/suite_mbxp_release.normalized.jsonl
public_mbxp_5lang,MBGP/107,go,smoke_overlay,False,data/release/sources/suite_mbxp_release.normalized.jsonl
public_mbxp_5lang,MBGP/109,go,smoke_overlay,False,data/release/sources/suite_mbxp_release.normalized.jsonl
public_mbxp_5lang,MBGP/11,go,smoke_overlay,False,data/release/sources/suite_mbxp_release.normalized.jsonl
public_mbxp_5lang,MBGP/110,go,smoke_overlay,False,data/release/sources/suite_mbxp_release.normalized.jsonl
public_mbxp_5lang,MBCPP/111,cpp,smoke_overlay,False,data/release/sources/suite_mbxp_release.normalized.jsonl
public_mbxp_5lang,MBGP/111,go,smoke_overlay,False,data/release/sources/suite_mbxp_release.normalized.jsonl
public_mbxp_5lang,MBJSP/111,javascript,smoke_overlay,False,data/release/sources/suite_mbxp_release.normalized.jsonl
public_mbxp_5lang,MBGP/112,go,smoke_overlay,False,data/release/sources/suite_mbxp_release.normalized.jsonl
public_mbxp_5lang,MBGP/113,go,smoke_overlay,False,data/release/sources/suite_mbxp_release.normalized.jsonl
public_mbxp_5lang,MBCPP/114,cpp,smoke_overlay,False,data/release/sources/suite_mbxp_release.normalized.jsonl
public_mbxp_5lang,MBGP/114,go,smoke_overlay,False,data/release/sources/suite_mbxp_release.normalized.jsonl
public_mbxp_5lang,MBJP/114,java,smoke_overlay,False,data/release/sources/suite_mbxp_release.normalized.jsonl
public_mbxp_5lang,MBJSP/114,javascript,smoke_overlay,False,data/release/sources/suite_mbxp_release.normalized.jsonl
public_mbxp_5lang,MBGP/116,go,smoke_overlay,False,data/release/sources/suite_mbxp_release.normalized.jsonl
public_mbxp_5lang,MBCPP/117,cpp,smoke_overlay,False,data/release/sources/suite_mbxp_release.normalized.jsonl
public_mbxp_5lang,MBGP/117,go,smoke_overlay,False,data/release/sources/suite_mbxp_release.normalized.jsonl
public_mbxp_5lang,MBJSP/117,javascript,smoke_overlay,False,data/release/sources/suite_mbxp_release.normalized.jsonl
public_mbxp_5lang,MBCPP/118,cpp,smoke_overlay,False,data/release/sources/suite_mbxp_release.normalized.jsonl
public_mbxp_5lang,MBGP/118,go,smoke_overlay,False,data/release/sources/suite_mbxp_release.normalized.jsonl
public_mbxp_5lang,MBGP/119,go,smoke_overlay,False,data/release/sources/suite_mbxp_release.normalized.jsonl
public_mbxp_5lang,MBCPP/12,cpp,smoke_overlay,False,data/release/sources/suite_mbxp_release.normalized.jsonl
public_mbxp_5lang,MBGP/12,go,smoke_overlay,False,data/release/sources/suite_mbxp_release.normalized.jsonl
public_mbxp_5lang,MBGP/120,go,smoke_overlay,False,data/release/sources/suite_mbxp_release.normalized.jsonl
public_mbxp_5lang,MBGP/121,go,smoke_overlay,False,data/release/sources/suite_mbxp_release.normalized.jsonl
public_mbxp_5lang,MBGP/122,go,smoke_overlay,False,data/release/sources/suite_mbxp_release.normalized.jsonl
public_mbxp_5lang,MBGP/123,go,smoke_overlay,False,data/release/sources/suite_mbxp_release.normalized.jsonl
public_mbxp_5lang,MBGP/125,go,smoke_overlay,False,data/release/sources/suite_mbxp_release.normalized.jsonl
public_mbxp_5lang,MBGP/126,go,smoke_overlay,False,data/release/sources/suite_mbxp_release.normalized.jsonl
public_mbxp_5lang,MBGP/129,go,smoke_overlay,False,data/release/sources/suite_mbxp_release.normalized.jsonl
public_mbxp_5lang,MBGP/137,go,smoke_overlay,False,data/release/sources/suite_mbxp_release.normalized.jsonl
public_mbxp_5lang,MBCPP/140,cpp,smoke_overlay,False,data/release/sources/suite_mbxp_release.normalized.jsonl
public_mbxp_5lang,MBGP/140,go,smoke_overlay,False,data/release/sources/suite_mbxp_release.normalized.jsonl
public_mbxp_5lang,MBGP/141,go,smoke_overlay,False,data/release/sources/suite_mbxp_release.normalized.jsonl
public_mbxp_5lang,MBCPP/147,cpp,smoke_overlay,False,data/release/sources/suite_mbxp_release.normalized.jsonl
public_mbxp_5lang,MBGP/147,go,smoke_overlay,False,data/release/sources/suite_mbxp_release.normalized.jsonl
public_mbxp_5lang,MBGP/149,go,smoke_overlay,False,data/release/sources/suite_mbxp_release.normalized.jsonl
public_mbxp_5lang,MBGP/152,go,smoke_overlay,False,data/release/sources/suite_mbxp_release.normalized.jsonl
public_mbxp_5lang,MBGP/154,go,smoke_overlay,False,data/release/sources/suite_mbxp_release.normalized.jsonl
public_mbxp_5lang,MBGP/161,go,smoke_overlay,False,data/release/sources/suite_mbxp_release.normalized.jsonl
public_mbxp_5lang,MBGP/241,go,smoke_overlay,False,data/release/sources/suite_mbxp_release.normalized.jsonl
public_mbxp_5lang,MBGP/380,go,smoke_overlay,False,data/release/sources/suite_mbxp_release.normalized.jsonl
public_mbxp_5lang,MBCPP/493,cpp,smoke_overlay,False,data/release/sources/suite_mbxp_release.normalized.jsonl
public_mbxp_5lang,MBGP/493,go,smoke_overlay,False,data/release/sources/suite_mbxp_release.normalized.jsonl
public_mbxp_5lang,MBJP/493,java,smoke_overlay,False,data/release/sources/suite_mbxp_release.normalized.jsonl
public_mbxp_5lang,MBJSP/493,javascript,smoke_overlay,False,data/release/sources/suite_mbxp_release.normalized.jsonl
public_mbxp_5lang,MBCPP/694,cpp,smoke_overlay,False,data/release/sources/suite_mbxp_release.normalized.jsonl
public_mbxp_5lang,MBGP/694,go,smoke_overlay,False,data/release/sources/suite_mbxp_release.normalized.jsonl
public_mbxp_5lang,MBJP/694,java,smoke_overlay,False,data/release/sources/suite_mbxp_release.normalized.jsonl
