source_group,language,release_records,canonical_records,excluded_records
crafted_original,cpp,48,48,0
crafted_original,go,48,48,0
crafted_original,java,48,48,0
crafted_original,javascript,48,48,0
crafted_original,python,48,48,0
crafted_stress,cpp,48,48,0
crafted_stress,go,48,48,0
crafted_stress,java,48,48,0
crafted_stress,javascript,48,48,0
crafted_stress,python,48,48,0
crafted_translation,cpp,48,48,0
crafted_translation,go,48,48,0
crafted_translation,java,48,48,0
crafted_translation,javascript,48,48,0
crafted_translation,python,48,48,0
public_humaneval_plus,python,164,164,0
public_humaneval_x,cpp,40,40,0
public_humaneval_x,go,40,40,0
public_humaneval_x,java,40,40,0
public_humaneval_x,javascript,40,40,0
public_humaneval_x,python,40,40,0
public_mbpp_plus,python,378,378,0
public_mbxp_5lang,cpp,40,30,10
public_mbxp_5lang,go,40,0,40
public_mbxp_5lang,java,40,37,3
public_mbxp_5lang,javascript,40,36,4
public_mbxp_5lang,python,40,40,0
