run_id,method,model,source_slug,seed,model_revision,gamma,delta,z_threshold,max_new_tokens,temperature,top_p,entropy_threshold,prefix_length,seeding_scheme,no_repeat_ngram_size,config_path,reference_kinds
suite_qwen25_14b_heplus_stone_runtime,stone_runtime,Qwen/Qwen2.5-Coder-14B-Instruct,humaneval_plus,286471,aedcc2d42b622764e023cf882b6652e646b95671,0.5,0.5,10.0,256,0.2,0.95,,0,,4,configs/public_humaneval_plus_stone_runtime.yaml,canonical
suite_qwen25_14b_heplus_sweet_runtime,sweet_runtime,Qwen/Qwen2.5-Coder-14B-Instruct,humaneval_plus,286471,aedcc2d42b622764e023cf882b6652e646b95671,0.5,0.5,10.0,256,0.2,0.95,0.9,0,,4,configs/public_humaneval_plus_sweet_runtime.yaml,canonical
suite_qwen25_14b_heplus_ewd_runtime,ewd_runtime,Qwen/Qwen2.5-Coder-14B-Instruct,humaneval_plus,286471,aedcc2d42b622764e023cf882b6652e646b95671,0.5,0.5,10.0,256,0.2,0.95,,0,,4,configs/public_humaneval_plus_ewd_runtime.yaml,canonical
suite_qwen25_14b_heplus_kgw_runtime,kgw_runtime,Qwen/Qwen2.5-Coder-14B-Instruct,humaneval_plus,286471,aedcc2d42b622764e023cf882b6652e646b95671,0.5,0.5,10.0,256,0.2,0.95,0.9,0,selfhash,4,configs/public_humaneval_plus_kgw_runtime.yaml,canonical
suite_qwen25_14b_mbppplus_stone_runtime,stone_runtime,Qwen/Qwen2.5-Coder-14B-Instruct,mbpp_plus,451172,aedcc2d42b622764e023cf882b6652e646b95671,0.5,1.0,10.0,256,0.2,0.95,,0,,4,configs/public_mbpp_plus_stone_runtime.yaml,canonical
suite_qwen25_14b_mbppplus_sweet_runtime,sweet_runtime,Qwen/Qwen2.5-Coder-14B-Instruct,mbpp_plus,451172,aedcc2d42b622764e023cf882b6652e646b95671,0.5,0.5,10.0,256,0.2,0.95,0.9,0,,4,configs/public_mbpp_plus_sweet_runtime.yaml,canonical
suite_qwen25_14b_mbppplus_ewd_runtime,ewd_runtime,Qwen/Qwen2.5-Coder-14B-Instruct,mbpp_plus,451172,aedcc2d42b622764e023cf882b6652e646b95671,0.5,0.5,10.0,256,0.2,0.95,,0,,4,configs/public_mbpp_plus_ewd_runtime.yaml,canonical
suite_qwen25_14b_mbppplus_kgw_runtime,kgw_runtime,Qwen/Qwen2.5-Coder-14B-Instruct,mbpp_plus,451172,aedcc2d42b622764e023cf882b6652e646b95671,0.5,0.5,10.0,256,0.2,0.95,0.9,0,selfhash,4,configs/public_mbpp_plus_kgw_runtime.yaml,canonical
suite_qwen25_14b_humanevalx_stone_runtime,stone_runtime,Qwen/Qwen2.5-Coder-14B-Instruct,humaneval_x,711236,aedcc2d42b622764e023cf882b6652e646b95671,0.5,0.5,10.0,256,0.2,0.95,,0,,4,configs/public_humaneval_plus_stone_runtime.yaml,canonical
suite_qwen25_14b_humanevalx_sweet_runtime,sweet_runtime,Qwen/Qwen2.5-Coder-14B-Instruct,humaneval_x,711236,aedcc2d42b622764e023cf882b6652e646b95671,0.5,0.5,10.0,256,0.2,0.95,0.9,0,,4,configs/public_humaneval_plus_sweet_runtime.yaml,canonical
suite_qwen25_14b_humanevalx_ewd_runtime,ewd_runtime,Qwen/Qwen2.5-Coder-14B-Instruct,humaneval_x,711236,aedcc2d42b622764e023cf882b6652e646b95671,0.5,0.5,10.0,256,0.2,0.95,,0,,4,configs/public_humaneval_plus_ewd_runtime.yaml,canonical
suite_qwen25_14b_humanevalx_kgw_runtime,kgw_runtime,Qwen/Qwen2.5-Coder-14B-Instruct,humaneval_x,711236,aedcc2d42b622764e023cf882b6652e646b95671,0.5,0.5,10.0,256,0.2,0.95,0.9,0,selfhash,4,configs/public_humaneval_plus_kgw_runtime.yaml,canonical
suite_qwen25_14b_mbxp_stone_runtime,stone_runtime,Qwen/Qwen2.5-Coder-14B-Instruct,mbxp_5lang,718218,aedcc2d42b622764e023cf882b6652e646b95671,0.5,0.5,10.0,256,0.2,0.95,,0,,4,configs/public_humaneval_plus_stone_runtime.yaml,canonical
suite_qwen25_14b_mbxp_sweet_runtime,sweet_runtime,Qwen/Qwen2.5-Coder-14B-Instruct,mbxp_5lang,718218,aedcc2d42b622764e023cf882b6652e646b95671,0.5,0.5,10.0,256,0.2,0.95,0.9,0,,4,configs/public_humaneval_plus_sweet_runtime.yaml,canonical
suite_qwen25_14b_mbxp_ewd_runtime,ewd_runtime,Qwen/Qwen2.5-Coder-14B-Instruct,mbxp_5lang,718218,aedcc2d42b622764e023cf882b6652e646b95671,0.5,0.5,10.0,256,0.2,0.95,,0,,4,configs/public_humaneval_plus_ewd_runtime.yaml,canonical
suite_qwen25_14b_mbxp_kgw_runtime,kgw_runtime,Qwen/Qwen2.5-Coder-14B-Instruct,mbxp_5lang,718218,aedcc2d42b622764e023cf882b6652e646b95671,0.5,0.5,10.0,256,0.2,0.95,0.9,0,selfhash,4,configs/public_humaneval_plus_kgw_runtime.yaml,canonical
suite_qwen25_14b_crafted_original_stone_runtime,stone_runtime,Qwen/Qwen2.5-Coder-14B-Instruct,crafted_original,764892,aedcc2d42b622764e023cf882b6652e646b95671,0.5,0.5,10.0,256,0.2,0.95,,0,,4,configs/public_humaneval_plus_stone_runtime.yaml,canonical
suite_qwen25_14b_crafted_original_sweet_runtime,sweet_runtime,Qwen/Qwen2.5-Coder-14B-Instruct,crafted_original,764892,aedcc2d42b622764e023cf882b6652e646b95671,0.5,0.5,10.0,256,0.2,0.95,0.9,0,,4,configs/public_humaneval_plus_sweet_runtime.yaml,canonical
suite_qwen25_14b_crafted_original_ewd_runtime,ewd_runtime,Qwen/Qwen2.5-Coder-14B-Instruct,crafted_original,764892,aedcc2d42b622764e023cf882b6652e646b95671,0.5,0.5,10.0,256,0.2,0.95,,0,,4,configs/public_humaneval_plus_ewd_runtime.yaml,canonical
suite_qwen25_14b_crafted_original_kgw_runtime,kgw_runtime,Qwen/Qwen2.5-Coder-14B-Instruct,crafted_original,764892,aedcc2d42b622764e023cf882b6652e646b95671,0.5,0.5,10.0,256,0.2,0.95,0.9,0,selfhash,4,configs/public_humaneval_plus_kgw_runtime.yaml,canonical
suite_qwen25_14b_crafted_translation_stone_runtime,stone_runtime,Qwen/Qwen2.5-Coder-14B-Instruct,crafted_translation,835579,aedcc2d42b622764e023cf882b6652e646b95671,0.5,0.5,10.0,256,0.2,0.95,,0,,4,configs/public_humaneval_plus_stone_runtime.yaml,canonical
suite_qwen25_14b_crafted_translation_sweet_runtime,sweet_runtime,Qwen/Qwen2.5-Coder-14B-Instruct,crafted_translation,835579,aedcc2d42b622764e023cf882b6652e646b95671,0.5,0.5,10.0,256,0.2,0.95,0.9,0,,4,configs/public_humaneval_plus_sweet_runtime.yaml,canonical
suite_qwen25_14b_crafted_translation_ewd_runtime,ewd_runtime,Qwen/Qwen2.5-Coder-14B-Instruct,crafted_translation,835579,aedcc2d42b622764e023cf882b6652e646b95671,0.5,0.5,10.0,256,0.2,0.95,,0,,4,configs/public_humaneval_plus_ewd_runtime.yaml,canonical
suite_qwen25_14b_crafted_translation_kgw_runtime,kgw_runtime,Qwen/Qwen2.5-Coder-14B-Instruct,crafted_translation,835579,aedcc2d42b622764e023cf882b6652e646b95671,0.5,0.5,10.0,256,0.2,0.95,0.9,0,selfhash,4,configs/public_humaneval_plus_kgw_runtime.yaml,canonical
suite_qwen25_14b_crafted_stress_stone_runtime,stone_runtime,Qwen/Qwen2.5-Coder-14B-Instruct,crafted_stress,663420,aedcc2d42b622764e023cf882b6652e646b95671,0.5,0.5,10.0,256,0.2,0.95,,0,,4,configs/public_humaneval_plus_stone_runtime.yaml,canonical
suite_qwen25_14b_crafted_stress_sweet_runtime,sweet_runtime,Qwen/Qwen2.5-Coder-14B-Instruct,crafted_stress,663420,aedcc2d42b622764e023cf882b6652e646b95671,0.5,0.5,10.0,256,0.2,0.95,0.9,0,,4,configs/public_humaneval_plus_sweet_runtime.yaml,canonical
suite_qwen25_14b_crafted_stress_ewd_runtime,ewd_runtime,Qwen/Qwen2.5-Coder-14B-Instruct,crafted_stress,663420,aedcc2d42b622764e023cf882b6652e646b95671,0.5,0.5,10.0,256,0.2,0.95,,0,,4,configs/public_humaneval_plus_ewd_runtime.yaml,canonical
suite_qwen25_14b_crafted_stress_kgw_runtime,kgw_runtime,Qwen/Qwen2.5-Coder-14B-Instruct,crafted_stress,663420,aedcc2d42b622764e023cf882b6652e646b95671,0.5,0.5,10.0,256,0.2,0.95,0.9,0,selfhash,4,configs/public_humaneval_plus_kgw_runtime.yaml,canonical
suite_qwen25_7b_heplus_stone_runtime,stone_runtime,Qwen/Qwen2.5-Coder-7B-Instruct,humaneval_plus,29361,c03e6d358207e414f1eca0bb1891e29f1db0e242,0.5,0.5,10.0,256,0.2,0.95,,0,,4,configs/public_humaneval_plus_stone_runtime.yaml,canonical
suite_qwen25_7b_heplus_sweet_runtime,sweet_runtime,Qwen/Qwen2.5-Coder-7B-Instruct,humaneval_plus,29361,c03e6d358207e414f1eca0bb1891e29f1db0e242,0.5,0.5,10.0,256,0.2,0.95,0.9,0,,4,configs/public_humaneval_plus_sweet_runtime.yaml,canonical
suite_qwen25_7b_heplus_ewd_runtime,ewd_runtime,Qwen/Qwen2.5-Coder-7B-Instruct,humaneval_plus,29361,c03e6d358207e414f1eca0bb1891e29f1db0e242,0.5,0.5,10.0,256,0.2,0.95,,0,,4,configs/public_humaneval_plus_ewd_runtime.yaml,canonical
suite_qwen25_7b_heplus_kgw_runtime,kgw_runtime,Qwen/Qwen2.5-Coder-7B-Instruct,humaneval_plus,29361,c03e6d358207e414f1eca0bb1891e29f1db0e242,0.5,0.5,10.0,256,0.2,0.95,0.9,0,selfhash,4,configs/public_humaneval_plus_kgw_runtime.yaml,canonical
suite_qwen25_7b_mbppplus_stone_runtime,stone_runtime,Qwen/Qwen2.5-Coder-7B-Instruct,mbpp_plus,779870,c03e6d358207e414f1eca0bb1891e29f1db0e242,0.5,1.0,10.0,256,0.2,0.95,,0,,4,configs/public_mbpp_plus_stone_runtime.yaml,canonical
suite_qwen25_7b_mbppplus_sweet_runtime,sweet_runtime,Qwen/Qwen2.5-Coder-7B-Instruct,mbpp_plus,779870,c03e6d358207e414f1eca0bb1891e29f1db0e242,0.5,0.5,10.0,256,0.2,0.95,0.9,0,,4,configs/public_mbpp_plus_sweet_runtime.yaml,canonical
suite_qwen25_7b_mbppplus_ewd_runtime,ewd_runtime,Qwen/Qwen2.5-Coder-7B-Instruct,mbpp_plus,779870,c03e6d358207e414f1eca0bb1891e29f1db0e242,0.5,0.5,10.0,256,0.2,0.95,,0,,4,configs/public_mbpp_plus_ewd_runtime.yaml,canonical
suite_qwen25_7b_mbppplus_kgw_runtime,kgw_runtime,Qwen/Qwen2.5-Coder-7B-Instruct,mbpp_plus,779870,c03e6d358207e414f1eca0bb1891e29f1db0e242,0.5,0.5,10.0,256,0.2,0.95,0.9,0,selfhash,4,configs/public_mbpp_plus_kgw_runtime.yaml,canonical
suite_qwen25_7b_humanevalx_stone_runtime,stone_runtime,Qwen/Qwen2.5-Coder-7B-Instruct,humaneval_x,795230,c03e6d358207e414f1eca0bb1891e29f1db0e242,0.5,0.5,10.0,256,0.2,0.95,,0,,4,configs/public_humaneval_plus_stone_runtime.yaml,canonical
suite_qwen25_7b_humanevalx_sweet_runtime,sweet_runtime,Qwen/Qwen2.5-Coder-7B-Instruct,humaneval_x,795230,c03e6d358207e414f1eca0bb1891e29f1db0e242,0.5,0.5,10.0,256,0.2,0.95,0.9,0,,4,configs/public_humaneval_plus_sweet_runtime.yaml,canonical
suite_qwen25_7b_humanevalx_ewd_runtime,ewd_runtime,Qwen/Qwen2.5-Coder-7B-Instruct,humaneval_x,795230,c03e6d358207e414f1eca0bb1891e29f1db0e242,0.5,0.5,10.0,256,0.2,0.95,,0,,4,configs/public_humaneval_plus_ewd_runtime.yaml,canonical
suite_qwen25_7b_humanevalx_kgw_runtime,kgw_runtime,Qwen/Qwen2.5-Coder-7B-Instruct,humaneval_x,795230,c03e6d358207e414f1eca0bb1891e29f1db0e242,0.5,0.5,10.0,256,0.2,0.95,0.9,0,selfhash,4,configs/public_humaneval_plus_kgw_runtime.yaml,canonical
suite_qwen25_7b_mbxp_stone_runtime,stone_runtime,Qwen/Qwen2.5-Coder-7B-Instruct,mbxp_5lang,259567,c03e6d358207e414f1eca0bb1891e29f1db0e242,0.5,0.5,10.0,256,0.2,0.95,,0,,4,configs/public_humaneval_plus_stone_runtime.yaml,canonical
suite_qwen25_7b_mbxp_sweet_runtime,sweet_runtime,Qwen/Qwen2.5-Coder-7B-Instruct,mbxp_5lang,259567,c03e6d358207e414f1eca0bb1891e29f1db0e242,0.5,0.5,10.0,256,0.2,0.95,0.9,0,,4,configs/public_humaneval_plus_sweet_runtime.yaml,canonical
suite_qwen25_7b_mbxp_ewd_runtime,ewd_runtime,Qwen/Qwen2.5-Coder-7B-Instruct,mbxp_5lang,259567,c03e6d358207e414f1eca0bb1891e29f1db0e242,0.5,0.5,10.0,256,0.2,0.95,,0,,4,configs/public_humaneval_plus_ewd_runtime.yaml,canonical
suite_qwen25_7b_mbxp_kgw_runtime,kgw_runtime,Qwen/Qwen2.5-Coder-7B-Instruct,mbxp_5lang,259567,c03e6d358207e414f1eca0bb1891e29f1db0e242,0.5,0.5,10.0,256,0.2,0.95,0.9,0,selfhash,4,configs/public_humaneval_plus_kgw_runtime.yaml,canonical
suite_qwen25_7b_crafted_original_stone_runtime,stone_runtime,Qwen/Qwen2.5-Coder-7B-Instruct,crafted_original,365416,c03e6d358207e414f1eca0bb1891e29f1db0e242,0.5,0.5,10.0,256,0.2,0.95,,0,,4,configs/public_humaneval_plus_stone_runtime.yaml,canonical
suite_qwen25_7b_crafted_original_sweet_runtime,sweet_runtime,Qwen/Qwen2.5-Coder-7B-Instruct,crafted_original,365416,c03e6d358207e414f1eca0bb1891e29f1db0e242,0.5,0.5,10.0,256,0.2,0.95,0.9,0,,4,configs/public_humaneval_plus_sweet_runtime.yaml,canonical
suite_qwen25_7b_crafted_original_ewd_runtime,ewd_runtime,Qwen/Qwen2.5-Coder-7B-Instruct,crafted_original,365416,c03e6d358207e414f1eca0bb1891e29f1db0e242,0.5,0.5,10.0,256,0.2,0.95,,0,,4,configs/public_humaneval_plus_ewd_runtime.yaml,canonical
suite_qwen25_7b_crafted_original_kgw_runtime,kgw_runtime,Qwen/Qwen2.5-Coder-7B-Instruct,crafted_original,365416,c03e6d358207e414f1eca0bb1891e29f1db0e242,0.5,0.5,10.0,256,0.2,0.95,0.9,0,selfhash,4,configs/public_humaneval_plus_kgw_runtime.yaml,canonical
suite_qwen25_7b_crafted_translation_stone_runtime,stone_runtime,Qwen/Qwen2.5-Coder-7B-Instruct,crafted_translation,91341,c03e6d358207e414f1eca0bb1891e29f1db0e242,0.5,0.5,10.0,256,0.2,0.95,,0,,4,configs/public_humaneval_plus_stone_runtime.yaml,canonical
suite_qwen25_7b_crafted_translation_sweet_runtime,sweet_runtime,Qwen/Qwen2.5-Coder-7B-Instruct,crafted_translation,91341,c03e6d358207e414f1eca0bb1891e29f1db0e242,0.5,0.5,10.0,256,0.2,0.95,0.9,0,,4,configs/public_humaneval_plus_sweet_runtime.yaml,canonical
suite_qwen25_7b_crafted_translation_ewd_runtime,ewd_runtime,Qwen/Qwen2.5-Coder-7B-Instruct,crafted_translation,91341,c03e6d358207e414f1eca0bb1891e29f1db0e242,0.5,0.5,10.0,256,0.2,0.95,,0,,4,configs/public_humaneval_plus_ewd_runtime.yaml,canonical
suite_qwen25_7b_crafted_translation_kgw_runtime,kgw_runtime,Qwen/Qwen2.5-Coder-7B-Instruct,crafted_translation,91341,c03e6d358207e414f1eca0bb1891e29f1db0e242,0.5,0.5,10.0,256,0.2,0.95,0.9,0,selfhash,4,configs/public_humaneval_plus_kgw_runtime.yaml,canonical
suite_qwen25_7b_crafted_stress_stone_runtime,stone_runtime,Qwen/Qwen2.5-Coder-7B-Instruct,crafted_stress,539595,c03e6d358207e414f1eca0bb1891e29f1db0e242,0.5,0.5,10.0,256,0.2,0.95,,0,,4,configs/public_humaneval_plus_stone_runtime.yaml,canonical
suite_qwen25_7b_crafted_stress_sweet_runtime,sweet_runtime,Qwen/Qwen2.5-Coder-7B-Instruct,crafted_stress,539595,c03e6d358207e414f1eca0bb1891e29f1db0e242,0.5,0.5,10.0,256,0.2,0.95,0.9,0,,4,configs/public_humaneval_plus_sweet_runtime.yaml,canonical
suite_qwen25_7b_crafted_stress_ewd_runtime,ewd_runtime,Qwen/Qwen2.5-Coder-7B-Instruct,crafted_stress,539595,c03e6d358207e414f1eca0bb1891e29f1db0e242,0.5,0.5,10.0,256,0.2,0.95,,0,,4,configs/public_humaneval_plus_ewd_runtime.yaml,canonical
suite_qwen25_7b_crafted_stress_kgw_runtime,kgw_runtime,Qwen/Qwen2.5-Coder-7B-Instruct,crafted_stress,539595,c03e6d358207e414f1eca0bb1891e29f1db0e242,0.5,0.5,10.0,256,0.2,0.95,0.9,0,selfhash,4,configs/public_humaneval_plus_kgw_runtime.yaml,canonical
suite_qwen25_1p5b_heplus_stone_runtime,stone_runtime,Qwen/Qwen2.5-Coder-1.5B-Instruct,humaneval_plus,364943,2e1fd397ee46e1388853d2af2c993145b0f1098a,0.5,0.5,10.0,256,0.2,0.95,,0,,4,configs/public_humaneval_plus_stone_runtime.yaml,canonical
suite_qwen25_1p5b_heplus_sweet_runtime,sweet_runtime,Qwen/Qwen2.5-Coder-1.5B-Instruct,humaneval_plus,364943,2e1fd397ee46e1388853d2af2c993145b0f1098a,0.5,0.5,10.0,256,0.2,0.95,0.9,0,,4,configs/public_humaneval_plus_sweet_runtime.yaml,canonical
suite_qwen25_1p5b_heplus_ewd_runtime,ewd_runtime,Qwen/Qwen2.5-Coder-1.5B-Instruct,humaneval_plus,364943,2e1fd397ee46e1388853d2af2c993145b0f1098a,0.5,0.5,10.0,256,0.2,0.95,,0,,4,configs/public_humaneval_plus_ewd_runtime.yaml,canonical
suite_qwen25_1p5b_heplus_kgw_runtime,kgw_runtime,Qwen/Qwen2.5-Coder-1.5B-Instruct,humaneval_plus,364943,2e1fd397ee46e1388853d2af2c993145b0f1098a,0.5,0.5,10.0,256,0.2,0.95,0.9,0,selfhash,4,configs/public_humaneval_plus_kgw_runtime.yaml,canonical
suite_qwen25_1p5b_mbppplus_stone_runtime,stone_runtime,Qwen/Qwen2.5-Coder-1.5B-Instruct,mbpp_plus,863924,2e1fd397ee46e1388853d2af2c993145b0f1098a,0.5,1.0,10.0,256,0.2,0.95,,0,,4,configs/public_mbpp_plus_stone_runtime.yaml,canonical
suite_qwen25_1p5b_mbppplus_sweet_runtime,sweet_runtime,Qwen/Qwen2.5-Coder-1.5B-Instruct,mbpp_plus,863924,2e1fd397ee46e1388853d2af2c993145b0f1098a,0.5,0.5,10.0,256,0.2,0.95,0.9,0,,4,configs/public_mbpp_plus_sweet_runtime.yaml,canonical
suite_qwen25_1p5b_mbppplus_ewd_runtime,ewd_runtime,Qwen/Qwen2.5-Coder-1.5B-Instruct,mbpp_plus,863924,2e1fd397ee46e1388853d2af2c993145b0f1098a,0.5,0.5,10.0,256,0.2,0.95,,0,,4,configs/public_mbpp_plus_ewd_runtime.yaml,canonical
suite_qwen25_1p5b_mbppplus_kgw_runtime,kgw_runtime,Qwen/Qwen2.5-Coder-1.5B-Instruct,mbpp_plus,863924,2e1fd397ee46e1388853d2af2c993145b0f1098a,0.5,0.5,10.0,256,0.2,0.95,0.9,0,selfhash,4,configs/public_mbpp_plus_kgw_runtime.yaml,canonical
suite_qwen25_1p5b_humanevalx_stone_runtime,stone_runtime,Qwen/Qwen2.5-Coder-1.5B-Instruct,humaneval_x,205530,2e1fd397ee46e1388853d2af2c993145b0f1098a,0.5,0.5,10.0,256,0.2,0.95,,0,,4,configs/public_humaneval_plus_stone_runtime.yaml,canonical
suite_qwen25_1p5b_humanevalx_sweet_runtime,sweet_runtime,Qwen/Qwen2.5-Coder-1.5B-Instruct,humaneval_x,205530,2e1fd397ee46e1388853d2af2c993145b0f1098a,0.5,0.5,10.0,256,0.2,0.95,0.9,0,,4,configs/public_humaneval_plus_sweet_runtime.yaml,canonical
suite_qwen25_1p5b_humanevalx_ewd_runtime,ewd_runtime,Qwen/Qwen2.5-Coder-1.5B-Instruct,humaneval_x,205530,2e1fd397ee46e1388853d2af2c993145b0f1098a,0.5,0.5,10.0,256,0.2,0.95,,0,,4,configs/public_humaneval_plus_ewd_runtime.yaml,canonical
suite_qwen25_1p5b_humanevalx_kgw_runtime,kgw_runtime,Qwen/Qwen2.5-Coder-1.5B-Instruct,humaneval_x,205530,2e1fd397ee46e1388853d2af2c993145b0f1098a,0.5,0.5,10.0,256,0.2,0.95,0.9,0,selfhash,4,configs/public_humaneval_plus_kgw_runtime.yaml,canonical
suite_qwen25_1p5b_mbxp_stone_runtime,stone_runtime,Qwen/Qwen2.5-Coder-1.5B-Instruct,mbxp_5lang,662931,2e1fd397ee46e1388853d2af2c993145b0f1098a,0.5,0.5,10.0,256,0.2,0.95,,0,,4,configs/public_humaneval_plus_stone_runtime.yaml,canonical
suite_qwen25_1p5b_mbxp_sweet_runtime,sweet_runtime,Qwen/Qwen2.5-Coder-1.5B-Instruct,mbxp_5lang,662931,2e1fd397ee46e1388853d2af2c993145b0f1098a,0.5,0.5,10.0,256,0.2,0.95,0.9,0,,4,configs/public_humaneval_plus_sweet_runtime.yaml,canonical
suite_qwen25_1p5b_mbxp_ewd_runtime,ewd_runtime,Qwen/Qwen2.5-Coder-1.5B-Instruct,mbxp_5lang,662931,2e1fd397ee46e1388853d2af2c993145b0f1098a,0.5,0.5,10.0,256,0.2,0.95,,0,,4,configs/public_humaneval_plus_ewd_runtime.yaml,canonical
suite_qwen25_1p5b_mbxp_kgw_runtime,kgw_runtime,Qwen/Qwen2.5-Coder-1.5B-Instruct,mbxp_5lang,662931,2e1fd397ee46e1388853d2af2c993145b0f1098a,0.5,0.5,10.0,256,0.2,0.95,0.9,0,selfhash,4,configs/public_humaneval_plus_kgw_runtime.yaml,canonical
suite_qwen25_1p5b_crafted_original_stone_runtime,stone_runtime,Qwen/Qwen2.5-Coder-1.5B-Instruct,crafted_original,209534,2e1fd397ee46e1388853d2af2c993145b0f1098a,0.5,0.5,10.0,256,0.2,0.95,,0,,4,configs/public_humaneval_plus_stone_runtime.yaml,canonical
suite_qwen25_1p5b_crafted_original_sweet_runtime,sweet_runtime,Qwen/Qwen2.5-Coder-1.5B-Instruct,crafted_original,209534,2e1fd397ee46e1388853d2af2c993145b0f1098a,0.5,0.5,10.0,256,0.2,0.95,0.9,0,,4,configs/public_humaneval_plus_sweet_runtime.yaml,canonical
suite_qwen25_1p5b_crafted_original_ewd_runtime,ewd_runtime,Qwen/Qwen2.5-Coder-1.5B-Instruct,crafted_original,209534,2e1fd397ee46e1388853d2af2c993145b0f1098a,0.5,0.5,10.0,256,0.2,0.95,,0,,4,configs/public_humaneval_plus_ewd_runtime.yaml,canonical
suite_qwen25_1p5b_crafted_original_kgw_runtime,kgw_runtime,Qwen/Qwen2.5-Coder-1.5B-Instruct,crafted_original,209534,2e1fd397ee46e1388853d2af2c993145b0f1098a,0.5,0.5,10.0,256,0.2,0.95,0.9,0,selfhash,4,configs/public_humaneval_plus_kgw_runtime.yaml,canonical
suite_qwen25_1p5b_crafted_translation_stone_runtime,stone_runtime,Qwen/Qwen2.5-Coder-1.5B-Instruct,crafted_translation,125327,2e1fd397ee46e1388853d2af2c993145b0f1098a,0.5,0.5,10.0,256,0.2,0.95,,0,,4,configs/public_humaneval_plus_stone_runtime.yaml,canonical
suite_qwen25_1p5b_crafted_translation_sweet_runtime,sweet_runtime,Qwen/Qwen2.5-Coder-1.5B-Instruct,crafted_translation,125327,2e1fd397ee46e1388853d2af2c993145b0f1098a,0.5,0.5,10.0,256,0.2,0.95,0.9,0,,4,configs/public_humaneval_plus_sweet_runtime.yaml,canonical
suite_qwen25_1p5b_crafted_translation_ewd_runtime,ewd_runtime,Qwen/Qwen2.5-Coder-1.5B-Instruct,crafted_translation,125327,2e1fd397ee46e1388853d2af2c993145b0f1098a,0.5,0.5,10.0,256,0.2,0.95,,0,,4,configs/public_humaneval_plus_ewd_runtime.yaml,canonical
suite_qwen25_1p5b_crafted_translation_kgw_runtime,kgw_runtime,Qwen/Qwen2.5-Coder-1.5B-Instruct,crafted_translation,125327,2e1fd397ee46e1388853d2af2c993145b0f1098a,0.5,0.5,10.0,256,0.2,0.95,0.9,0,selfhash,4,configs/public_humaneval_plus_kgw_runtime.yaml,canonical
suite_qwen25_1p5b_crafted_stress_stone_runtime,stone_runtime,Qwen/Qwen2.5-Coder-1.5B-Instruct,crafted_stress,106254,2e1fd397ee46e1388853d2af2c993145b0f1098a,0.5,0.5,10.0,256,0.2,0.95,,0,,4,configs/public_humaneval_plus_stone_runtime.yaml,canonical
suite_qwen25_1p5b_crafted_stress_sweet_runtime,sweet_runtime,Qwen/Qwen2.5-Coder-1.5B-Instruct,crafted_stress,106254,2e1fd397ee46e1388853d2af2c993145b0f1098a,0.5,0.5,10.0,256,0.2,0.95,0.9,0,,4,configs/public_humaneval_plus_sweet_runtime.yaml,canonical
suite_qwen25_1p5b_crafted_stress_ewd_runtime,ewd_runtime,Qwen/Qwen2.5-Coder-1.5B-Instruct,crafted_stress,106254,2e1fd397ee46e1388853d2af2c993145b0f1098a,0.5,0.5,10.0,256,0.2,0.95,,0,,4,configs/public_humaneval_plus_ewd_runtime.yaml,canonical
suite_qwen25_1p5b_crafted_stress_kgw_runtime,kgw_runtime,Qwen/Qwen2.5-Coder-1.5B-Instruct,crafted_stress,106254,2e1fd397ee46e1388853d2af2c993145b0f1098a,0.5,0.5,10.0,256,0.2,0.95,0.9,0,selfhash,4,configs/public_humaneval_plus_kgw_runtime.yaml,canonical
suite_starcoder2_7b_heplus_stone_runtime,stone_runtime,bigcode/starcoder2-7b,humaneval_plus,209622,bb9afde76d7945da5745592525db122d4d729eb1,0.5,0.5,10.0,256,0.2,0.95,,0,,4,configs/public_humaneval_plus_stone_runtime.yaml,canonical
suite_starcoder2_7b_heplus_sweet_runtime,sweet_runtime,bigcode/starcoder2-7b,humaneval_plus,209622,bb9afde76d7945da5745592525db122d4d729eb1,0.5,0.5,10.0,256,0.2,0.95,0.9,0,,4,configs/public_humaneval_plus_sweet_runtime.yaml,canonical
suite_starcoder2_7b_heplus_ewd_runtime,ewd_runtime,bigcode/starcoder2-7b,humaneval_plus,209622,bb9afde76d7945da5745592525db122d4d729eb1,0.5,0.5,10.0,256,0.2,0.95,,0,,4,configs/public_humaneval_plus_ewd_runtime.yaml,canonical
suite_starcoder2_7b_heplus_kgw_runtime,kgw_runtime,bigcode/starcoder2-7b,humaneval_plus,209622,bb9afde76d7945da5745592525db122d4d729eb1,0.5,0.5,10.0,256,0.2,0.95,0.9,0,selfhash,4,configs/public_humaneval_plus_kgw_runtime.yaml,canonical
suite_starcoder2_7b_mbppplus_stone_runtime,stone_runtime,bigcode/starcoder2-7b,mbpp_plus,340199,bb9afde76d7945da5745592525db122d4d729eb1,0.5,1.0,10.0,256,0.2,0.95,,0,,4,configs/public_mbpp_plus_stone_runtime.yaml,canonical
suite_starcoder2_7b_mbppplus_sweet_runtime,sweet_runtime,bigcode/starcoder2-7b,mbpp_plus,340199,bb9afde76d7945da5745592525db122d4d729eb1,0.5,0.5,10.0,256,0.2,0.95,0.9,0,,4,configs/public_mbpp_plus_sweet_runtime.yaml,canonical
suite_starcoder2_7b_mbppplus_ewd_runtime,ewd_runtime,bigcode/starcoder2-7b,mbpp_plus,340199,bb9afde76d7945da5745592525db122d4d729eb1,0.5,0.5,10.0,256,0.2,0.95,,0,,4,configs/public_mbpp_plus_ewd_runtime.yaml,canonical
suite_starcoder2_7b_mbppplus_kgw_runtime,kgw_runtime,bigcode/starcoder2-7b,mbpp_plus,340199,bb9afde76d7945da5745592525db122d4d729eb1,0.5,0.5,10.0,256,0.2,0.95,0.9,0,selfhash,4,configs/public_mbpp_plus_kgw_runtime.yaml,canonical
suite_starcoder2_7b_humanevalx_stone_runtime,stone_runtime,bigcode/starcoder2-7b,humaneval_x,523070,bb9afde76d7945da5745592525db122d4d729eb1,0.5,0.5,10.0,256,0.2,0.95,,0,,4,configs/public_humaneval_plus_stone_runtime.yaml,canonical
suite_starcoder2_7b_humanevalx_sweet_runtime,sweet_runtime,bigcode/starcoder2-7b,humaneval_x,523070,bb9afde76d7945da5745592525db122d4d729eb1,0.5,0.5,10.0,256,0.2,0.95,0.9,0,,4,configs/public_humaneval_plus_sweet_runtime.yaml,canonical
suite_starcoder2_7b_humanevalx_ewd_runtime,ewd_runtime,bigcode/starcoder2-7b,humaneval_x,523070,bb9afde76d7945da5745592525db122d4d729eb1,0.5,0.5,10.0,256,0.2,0.95,,0,,4,configs/public_humaneval_plus_ewd_runtime.yaml,canonical
suite_starcoder2_7b_humanevalx_kgw_runtime,kgw_runtime,bigcode/starcoder2-7b,humaneval_x,523070,bb9afde76d7945da5745592525db122d4d729eb1,0.5,0.5,10.0,256,0.2,0.95,0.9,0,selfhash,4,configs/public_humaneval_plus_kgw_runtime.yaml,canonical
suite_starcoder2_7b_mbxp_stone_runtime,stone_runtime,bigcode/starcoder2-7b,mbxp_5lang,214092,bb9afde76d7945da5745592525db122d4d729eb1,0.5,0.5,10.0,256,0.2,0.95,,0,,4,configs/public_humaneval_plus_stone_runtime.yaml,canonical
suite_starcoder2_7b_mbxp_sweet_runtime,sweet_runtime,bigcode/starcoder2-7b,mbxp_5lang,214092,bb9afde76d7945da5745592525db122d4d729eb1,0.5,0.5,10.0,256,0.2,0.95,0.9,0,,4,configs/public_humaneval_plus_sweet_runtime.yaml,canonical
suite_starcoder2_7b_mbxp_ewd_runtime,ewd_runtime,bigcode/starcoder2-7b,mbxp_5lang,214092,bb9afde76d7945da5745592525db122d4d729eb1,0.5,0.5,10.0,256,0.2,0.95,,0,,4,configs/public_humaneval_plus_ewd_runtime.yaml,canonical
suite_starcoder2_7b_mbxp_kgw_runtime,kgw_runtime,bigcode/starcoder2-7b,mbxp_5lang,214092,bb9afde76d7945da5745592525db122d4d729eb1,0.5,0.5,10.0,256,0.2,0.95,0.9,0,selfhash,4,configs/public_humaneval_plus_kgw_runtime.yaml,canonical
suite_starcoder2_7b_crafted_original_stone_runtime,stone_runtime,bigcode/starcoder2-7b,crafted_original,807737,bb9afde76d7945da5745592525db122d4d729eb1,0.5,0.5,10.0,256,0.2,0.95,,0,,4,configs/public_humaneval_plus_stone_runtime.yaml,canonical
suite_starcoder2_7b_crafted_original_sweet_runtime,sweet_runtime,bigcode/starcoder2-7b,crafted_original,807737,bb9afde76d7945da5745592525db122d4d729eb1,0.5,0.5,10.0,256,0.2,0.95,0.9,0,,4,configs/public_humaneval_plus_sweet_runtime.yaml,canonical
suite_starcoder2_7b_crafted_original_ewd_runtime,ewd_runtime,bigcode/starcoder2-7b,crafted_original,807737,bb9afde76d7945da5745592525db122d4d729eb1,0.5,0.5,10.0,256,0.2,0.95,,0,,4,configs/public_humaneval_plus_ewd_runtime.yaml,canonical
suite_starcoder2_7b_crafted_original_kgw_runtime,kgw_runtime,bigcode/starcoder2-7b,crafted_original,807737,bb9afde76d7945da5745592525db122d4d729eb1,0.5,0.5,10.0,256,0.2,0.95,0.9,0,selfhash,4,configs/public_humaneval_plus_kgw_runtime.yaml,canonical
suite_starcoder2_7b_crafted_translation_stone_runtime,stone_runtime,bigcode/starcoder2-7b,crafted_translation,243488,bb9afde76d7945da5745592525db122d4d729eb1,0.5,0.5,10.0,256,0.2,0.95,,0,,4,configs/public_humaneval_plus_stone_runtime.yaml,canonical
suite_starcoder2_7b_crafted_translation_sweet_runtime,sweet_runtime,bigcode/starcoder2-7b,crafted_translation,243488,bb9afde76d7945da5745592525db122d4d729eb1,0.5,0.5,10.0,256,0.2,0.95,0.9,0,,4,configs/public_humaneval_plus_sweet_runtime.yaml,canonical
suite_starcoder2_7b_crafted_translation_ewd_runtime,ewd_runtime,bigcode/starcoder2-7b,crafted_translation,243488,bb9afde76d7945da5745592525db122d4d729eb1,0.5,0.5,10.0,256,0.2,0.95,,0,,4,configs/public_humaneval_plus_ewd_runtime.yaml,canonical
suite_starcoder2_7b_crafted_translation_kgw_runtime,kgw_runtime,bigcode/starcoder2-7b,crafted_translation,243488,bb9afde76d7945da5745592525db122d4d729eb1,0.5,0.5,10.0,256,0.2,0.95,0.9,0,selfhash,4,configs/public_humaneval_plus_kgw_runtime.yaml,canonical
suite_starcoder2_7b_crafted_stress_stone_runtime,stone_runtime,bigcode/starcoder2-7b,crafted_stress,244897,bb9afde76d7945da5745592525db122d4d729eb1,0.5,0.5,10.0,256,0.2,0.95,,0,,4,configs/public_humaneval_plus_stone_runtime.yaml,canonical
suite_starcoder2_7b_crafted_stress_sweet_runtime,sweet_runtime,bigcode/starcoder2-7b,crafted_stress,244897,bb9afde76d7945da5745592525db122d4d729eb1,0.5,0.5,10.0,256,0.2,0.95,0.9,0,,4,configs/public_humaneval_plus_sweet_runtime.yaml,canonical
suite_starcoder2_7b_crafted_stress_ewd_runtime,ewd_runtime,bigcode/starcoder2-7b,crafted_stress,244897,bb9afde76d7945da5745592525db122d4d729eb1,0.5,0.5,10.0,256,0.2,0.95,,0,,4,configs/public_humaneval_plus_ewd_runtime.yaml,canonical
suite_starcoder2_7b_crafted_stress_kgw_runtime,kgw_runtime,bigcode/starcoder2-7b,crafted_stress,244897,bb9afde76d7945da5745592525db122d4d729eb1,0.5,0.5,10.0,256,0.2,0.95,0.9,0,selfhash,4,configs/public_humaneval_plus_kgw_runtime.yaml,canonical
suite_deepseek_coder_6p7b_heplus_stone_runtime,stone_runtime,deepseek-ai/deepseek-coder-6.7b-instruct,humaneval_plus,438944,e5d64addd26a6a1db0f9b863abf6ee3141936807,0.5,0.5,10.0,256,0.2,0.95,,0,,4,configs/public_humaneval_plus_stone_runtime.yaml,canonical
suite_deepseek_coder_6p7b_heplus_sweet_runtime,sweet_runtime,deepseek-ai/deepseek-coder-6.7b-instruct,humaneval_plus,438944,e5d64addd26a6a1db0f9b863abf6ee3141936807,0.5,0.5,10.0,256,0.2,0.95,0.9,0,,4,configs/public_humaneval_plus_sweet_runtime.yaml,canonical
suite_deepseek_coder_6p7b_heplus_ewd_runtime,ewd_runtime,deepseek-ai/deepseek-coder-6.7b-instruct,humaneval_plus,438944,e5d64addd26a6a1db0f9b863abf6ee3141936807,0.5,0.5,10.0,256,0.2,0.95,,0,,4,configs/public_humaneval_plus_ewd_runtime.yaml,canonical
suite_deepseek_coder_6p7b_heplus_kgw_runtime,kgw_runtime,deepseek-ai/deepseek-coder-6.7b-instruct,humaneval_plus,438944,e5d64addd26a6a1db0f9b863abf6ee3141936807,0.5,0.5,10.0,256,0.2,0.95,0.9,0,selfhash,4,configs/public_humaneval_plus_kgw_runtime.yaml,canonical
suite_deepseek_coder_6p7b_mbppplus_stone_runtime,stone_runtime,deepseek-ai/deepseek-coder-6.7b-instruct,mbpp_plus,677081,e5d64addd26a6a1db0f9b863abf6ee3141936807,0.5,1.0,10.0,256,0.2,0.95,,0,,4,configs/public_mbpp_plus_stone_runtime.yaml,canonical
suite_deepseek_coder_6p7b_mbppplus_sweet_runtime,sweet_runtime,deepseek-ai/deepseek-coder-6.7b-instruct,mbpp_plus,677081,e5d64addd26a6a1db0f9b863abf6ee3141936807,0.5,0.5,10.0,256,0.2,0.95,0.9,0,,4,configs/public_mbpp_plus_sweet_runtime.yaml,canonical
suite_deepseek_coder_6p7b_mbppplus_ewd_runtime,ewd_runtime,deepseek-ai/deepseek-coder-6.7b-instruct,mbpp_plus,677081,e5d64addd26a6a1db0f9b863abf6ee3141936807,0.5,0.5,10.0,256,0.2,0.95,,0,,4,configs/public_mbpp_plus_ewd_runtime.yaml,canonical
suite_deepseek_coder_6p7b_mbppplus_kgw_runtime,kgw_runtime,deepseek-ai/deepseek-coder-6.7b-instruct,mbpp_plus,677081,e5d64addd26a6a1db0f9b863abf6ee3141936807,0.5,0.5,10.0,256,0.2,0.95,0.9,0,selfhash,4,configs/public_mbpp_plus_kgw_runtime.yaml,canonical
suite_deepseek_coder_6p7b_humanevalx_stone_runtime,stone_runtime,deepseek-ai/deepseek-coder-6.7b-instruct,humaneval_x,452638,e5d64addd26a6a1db0f9b863abf6ee3141936807,0.5,0.5,10.0,256,0.2,0.95,,0,,4,configs/public_humaneval_plus_stone_runtime.yaml,canonical
suite_deepseek_coder_6p7b_humanevalx_sweet_runtime,sweet_runtime,deepseek-ai/deepseek-coder-6.7b-instruct,humaneval_x,452638,e5d64addd26a6a1db0f9b863abf6ee3141936807,0.5,0.5,10.0,256,0.2,0.95,0.9,0,,4,configs/public_humaneval_plus_sweet_runtime.yaml,canonical
suite_deepseek_coder_6p7b_humanevalx_ewd_runtime,ewd_runtime,deepseek-ai/deepseek-coder-6.7b-instruct,humaneval_x,452638,e5d64addd26a6a1db0f9b863abf6ee3141936807,0.5,0.5,10.0,256,0.2,0.95,,0,,4,configs/public_humaneval_plus_ewd_runtime.yaml,canonical
suite_deepseek_coder_6p7b_humanevalx_kgw_runtime,kgw_runtime,deepseek-ai/deepseek-coder-6.7b-instruct,humaneval_x,452638,e5d64addd26a6a1db0f9b863abf6ee3141936807,0.5,0.5,10.0,256,0.2,0.95,0.9,0,selfhash,4,configs/public_humaneval_plus_kgw_runtime.yaml,canonical
suite_deepseek_coder_6p7b_mbxp_stone_runtime,stone_runtime,deepseek-ai/deepseek-coder-6.7b-instruct,mbxp_5lang,258335,e5d64addd26a6a1db0f9b863abf6ee3141936807,0.5,0.5,10.0,256,0.2,0.95,,0,,4,configs/public_humaneval_plus_stone_runtime.yaml,canonical
suite_deepseek_coder_6p7b_mbxp_sweet_runtime,sweet_runtime,deepseek-ai/deepseek-coder-6.7b-instruct,mbxp_5lang,258335,e5d64addd26a6a1db0f9b863abf6ee3141936807,0.5,0.5,10.0,256,0.2,0.95,0.9,0,,4,configs/public_humaneval_plus_sweet_runtime.yaml,canonical
suite_deepseek_coder_6p7b_mbxp_ewd_runtime,ewd_runtime,deepseek-ai/deepseek-coder-6.7b-instruct,mbxp_5lang,258335,e5d64addd26a6a1db0f9b863abf6ee3141936807,0.5,0.5,10.0,256,0.2,0.95,,0,,4,configs/public_humaneval_plus_ewd_runtime.yaml,canonical
suite_deepseek_coder_6p7b_mbxp_kgw_runtime,kgw_runtime,deepseek-ai/deepseek-coder-6.7b-instruct,mbxp_5lang,258335,e5d64addd26a6a1db0f9b863abf6ee3141936807,0.5,0.5,10.0,256,0.2,0.95,0.9,0,selfhash,4,configs/public_humaneval_plus_kgw_runtime.yaml,canonical
suite_deepseek_coder_6p7b_crafted_original_stone_runtime,stone_runtime,deepseek-ai/deepseek-coder-6.7b-instruct,crafted_original,777354,e5d64addd26a6a1db0f9b863abf6ee3141936807,0.5,0.5,10.0,256,0.2,0.95,,0,,4,configs/public_humaneval_plus_stone_runtime.yaml,canonical
suite_deepseek_coder_6p7b_crafted_original_sweet_runtime,sweet_runtime,deepseek-ai/deepseek-coder-6.7b-instruct,crafted_original,777354,e5d64addd26a6a1db0f9b863abf6ee3141936807,0.5,0.5,10.0,256,0.2,0.95,0.9,0,,4,configs/public_humaneval_plus_sweet_runtime.yaml,canonical
suite_deepseek_coder_6p7b_crafted_original_ewd_runtime,ewd_runtime,deepseek-ai/deepseek-coder-6.7b-instruct,crafted_original,777354,e5d64addd26a6a1db0f9b863abf6ee3141936807,0.5,0.5,10.0,256,0.2,0.95,,0,,4,configs/public_humaneval_plus_ewd_runtime.yaml,canonical
suite_deepseek_coder_6p7b_crafted_original_kgw_runtime,kgw_runtime,deepseek-ai/deepseek-coder-6.7b-instruct,crafted_original,777354,e5d64addd26a6a1db0f9b863abf6ee3141936807,0.5,0.5,10.0,256,0.2,0.95,0.9,0,selfhash,4,configs/public_humaneval_plus_kgw_runtime.yaml,canonical
suite_deepseek_coder_6p7b_crafted_translation_stone_runtime,stone_runtime,deepseek-ai/deepseek-coder-6.7b-instruct,crafted_translation,437988,e5d64addd26a6a1db0f9b863abf6ee3141936807,0.5,0.5,10.0,256,0.2,0.95,,0,,4,configs/public_humaneval_plus_stone_runtime.yaml,canonical
suite_deepseek_coder_6p7b_crafted_translation_sweet_runtime,sweet_runtime,deepseek-ai/deepseek-coder-6.7b-instruct,crafted_translation,437988,e5d64addd26a6a1db0f9b863abf6ee3141936807,0.5,0.5,10.0,256,0.2,0.95,0.9,0,,4,configs/public_humaneval_plus_sweet_runtime.yaml,canonical
suite_deepseek_coder_6p7b_crafted_translation_ewd_runtime,ewd_runtime,deepseek-ai/deepseek-coder-6.7b-instruct,crafted_translation,437988,e5d64addd26a6a1db0f9b863abf6ee3141936807,0.5,0.5,10.0,256,0.2,0.95,,0,,4,configs/public_humaneval_plus_ewd_runtime.yaml,canonical
suite_deepseek_coder_6p7b_crafted_translation_kgw_runtime,kgw_runtime,deepseek-ai/deepseek-coder-6.7b-instruct,crafted_translation,437988,e5d64addd26a6a1db0f9b863abf6ee3141936807,0.5,0.5,10.0,256,0.2,0.95,0.9,0,selfhash,4,configs/public_humaneval_plus_kgw_runtime.yaml,canonical
suite_deepseek_coder_6p7b_crafted_stress_stone_runtime,stone_runtime,deepseek-ai/deepseek-coder-6.7b-instruct,crafted_stress,185042,e5d64addd26a6a1db0f9b863abf6ee3141936807,0.5,0.5,10.0,256,0.2,0.95,,0,,4,configs/public_humaneval_plus_stone_runtime.yaml,canonical
suite_deepseek_coder_6p7b_crafted_stress_sweet_runtime,sweet_runtime,deepseek-ai/deepseek-coder-6.7b-instruct,crafted_stress,185042,e5d64addd26a6a1db0f9b863abf6ee3141936807,0.5,0.5,10.0,256,0.2,0.95,0.9,0,,4,configs/public_humaneval_plus_sweet_runtime.yaml,canonical
suite_deepseek_coder_6p7b_crafted_stress_ewd_runtime,ewd_runtime,deepseek-ai/deepseek-coder-6.7b-instruct,crafted_stress,185042,e5d64addd26a6a1db0f9b863abf6ee3141936807,0.5,0.5,10.0,256,0.2,0.95,,0,,4,configs/public_humaneval_plus_ewd_runtime.yaml,canonical
suite_deepseek_coder_6p7b_crafted_stress_kgw_runtime,kgw_runtime,deepseek-ai/deepseek-coder-6.7b-instruct,crafted_stress,185042,e5d64addd26a6a1db0f9b863abf6ee3141936807,0.5,0.5,10.0,256,0.2,0.95,0.9,0,selfhash,4,configs/public_humaneval_plus_kgw_runtime.yaml,canonical
