method,source_group,master_edit_rows,implied_source_records_after_legacy_dedup,basis
KGW,crafted_original,8400,240,Exported edit-row count divided by documented 5-model x 7-edit design; not re-observed raw records
KGW,crafted_stress,8400,240,Exported edit-row count divided by documented 5-model x 7-edit design; not re-observed raw records
KGW,crafted_translation,8400,240,Exported edit-row count divided by documented 5-model x 7-edit design; not re-observed raw records
KGW,public_humaneval_plus,5740,164,Exported edit-row count divided by documented 5-model x 7-edit design; not re-observed raw records
KGW,public_humaneval_x,5670,162,Exported edit-row count divided by documented 5-model x 7-edit design; not re-observed raw records
KGW,public_mbpp_plus,13230,378,Exported edit-row count divided by documented 5-model x 7-edit design; not re-observed raw records
KGW,public_mbxp_5lang,4165,119,Exported edit-row count divided by documented 5-model x 7-edit design; not re-observed raw records
SWEET,crafted_original,8400,240,Exported edit-row count divided by documented 5-model x 7-edit design; not re-observed raw records
SWEET,crafted_stress,8400,240,Exported edit-row count divided by documented 5-model x 7-edit design; not re-observed raw records
SWEET,crafted_translation,8400,240,Exported edit-row count divided by documented 5-model x 7-edit design; not re-observed raw records
SWEET,public_humaneval_plus,5740,164,Exported edit-row count divided by documented 5-model x 7-edit design; not re-observed raw records
SWEET,public_humaneval_x,5670,162,Exported edit-row count divided by documented 5-model x 7-edit design; not re-observed raw records
SWEET,public_mbpp_plus,13230,378,Exported edit-row count divided by documented 5-model x 7-edit design; not re-observed raw records
SWEET,public_mbxp_5lang,4165,119,Exported edit-row count divided by documented 5-model x 7-edit design; not re-observed raw records
STONE,crafted_original,8400,240,Exported edit-row count divided by documented 5-model x 7-edit design; not re-observed raw records
STONE,crafted_stress,8400,240,Exported edit-row count divided by documented 5-model x 7-edit design; not re-observed raw records
STONE,crafted_translation,8400,240,Exported edit-row count divided by documented 5-model x 7-edit design; not re-observed raw records
STONE,public_humaneval_plus,5740,164,Exported edit-row count divided by documented 5-model x 7-edit design; not re-observed raw records
STONE,public_humaneval_x,5670,162,Exported edit-row count divided by documented 5-model x 7-edit design; not re-observed raw records
STONE,public_mbpp_plus,13230,378,Exported edit-row count divided by documented 5-model x 7-edit design; not re-observed raw records
STONE,public_mbxp_5lang,4165,119,Exported edit-row count divided by documented 5-model x 7-edit design; not re-observed raw records
EWD,crafted_original,8400,240,Exported edit-row count divided by documented 5-model x 7-edit design; not re-observed raw records
EWD,crafted_stress,8400,240,Exported edit-row count divided by documented 5-model x 7-edit design; not re-observed raw records
EWD,crafted_translation,8400,240,Exported edit-row count divided by documented 5-model x 7-edit design; not re-observed raw records
EWD,public_humaneval_plus,5740,164,Exported edit-row count divided by documented 5-model x 7-edit design; not re-observed raw records
EWD,public_humaneval_x,5670,162,Exported edit-row count divided by documented 5-model x 7-edit design; not re-observed raw records
EWD,public_mbpp_plus,13230,378,Exported edit-row count divided by documented 5-model x 7-edit design; not re-observed raw records
EWD,public_mbxp_5lang,4165,119,Exported edit-row count divided by documented 5-model x 7-edit design; not re-observed raw records
